loc x,lox y,split,wid,vddiddq,power,freq,psro,pw40,ps40,ivd0,ivd1,ivd2,ivd3,ivio,ivsb,ivsr,frq00,frq0,frq6,frq9,frq12,frq15,frq18,frq21,frq24,frq27,frq30,frq33,frq36,frw39,frq57,frq58,tstclass
9,2,3,6,3.720917463,23.66357613,1.119300407,8.934152029,49.27480698,9.416852714,2.471060038,2.106465578,2.214286089,1.991343737,0.37574321,0.020243885,7.547129631,9.065181672,8.648844116,8.74285314,9.140255656,9.01396534,9.479593302,8.838927755,8.974299021,9.000287108,9.207190871,8.648844116,8.900284158,8.521548992,8.802479258,15.95471974,25.52377578,2
10,9,3,6,4.366306305,29.0515976,1.163825267,8.592355126,59.70494843,9.052734257,3.177904606,2.685631037,2.865583658,2.299069643,0.431966603,0.020826103,9.259441376,8.74285314,8.335154817,8.613178181,8.567118897,8.875679967,9.292084584,8.431847945,8.497040128,8.521548992,8.814761955,8.232882877,8.431847945,8.319091208,8.521548992,15.03240344,24.42765282,2
12,7,5,8,7.502542973,45.19458008,1.265983726,7.898995694,94.21836853,8.330077947,6.869482994,6.192253113,6.267878532,5.582465649,0.675365269,0.028575901,6.955013752,8.098841747,7.702169143,7.905206644,7.898375841,7.996900123,8.292190316,7.776947172,7.937671384,7.930946438,8.057938956,7.660404535,7.814883759,7.633836731,7.827322747,12.55931926,21.04194459,1
2,9,3,6,4.761310101,30.74549103,1.14267491,8.751395442,63.50512695,9.246652055,2.917605639,4.568682194,2.054443598,2.622247934,0.406931222,0.026656155,9.286774635,9.273121279,8.466762907,9.16937843,8.387702394,9.018883517,8.851111247,8.441650493,8.875679967,8.875679967,8.802479258,8.466762907,8.215646531,8.838927755,8.74285314,15.30149882,23.22021521,2
9,4,5,3,5.281033993,31.14297867,1.191291454,8.39425144,,,4.18035841,3.447235584,4.494850636,3.41998148,0.534484208,0.022667171,6.05487299,8.556834729,8.232882877,8.091167416,8.659735713,8.521548992,9.140255656,8.387702394,8.266693826,8.378567131,8.74285314,8.098841747,8.232882877,7.930946438,8.215646531,12.81408353,24.32974594,1
8,5,5,8,7.209270001,42.73135376,1.189907151,8.404017066,91.11358643,8.869977669,5.720498562,5.133842945,6.356375694,5.441380024,0.646875918,0.028056625,7.259144306,8.648844116,8.309749219,8.378567131,8.613178181,8.431847945,8.875679967,8.344016294,8.257995845,8.422434462,8.684805451,8.198742719,8.257995845,8.050508484,8.148443627,12.81408353,25.31752489,1
3,5,5,9,8.94747448,51.80293655,1.234159828,8.102678251,103.5534973,8.537946392,8.006319046,6.751969338,6.950867653,6.530317307,0.82200563,0.031479124,7.898490429,8.309749219,7.930946438,8.065718035,8.207575931,8.140162976,8.556834729,8.010255797,8.00340726,8.098841747,8.344016294,7.853191676,7.984655667,7.898375841,8.00340726,12.55931926,21.47225024,1
9,3,3,6,3.605921507,23.57210159,1.092682881,9.1517861,47.04874802,9.635881502,2.262940645,1.873546839,2.30476594,1.987032175,0.370652705,0.018560173,7.893935204,9.330244524,8.937138347,8.875679967,9.575506084,9.07513386,9.869232258,9.11698271,9.07513386,9.216583294,9.423830676,8.838927755,9.121369942,8.62417231,8.937138347,15.66553377,26.8865644,2
11,3,5,9,9.497056961,56.38013077,1.2873564,7.76785667,127.6154251,8.232421689,8.363328934,7.274014473,8.744382858,7.21790123,0.863075614,0.031762365,8.079977989,7.88571073,7.561478441,7.486220454,7.930946438,7.739378034,8.207575931,7.782789794,7.77142489,7.859467701,8.043424401,7.556845134,7.734061924,7.490478552,7.665316616,12.66247574,21.3301895,1
8,10,3,6,3.961035252,26.65848732,1.130064592,8.8490517,50.79288864,9.292689014,2.636693239,2.249124765,2.557574511,2.25626874,0.400865138,0.020582201,8.900787354,9.000287108,8.466762907,8.937138347,8.875679967,9.184661693,9.462852432,8.671042423,8.779205757,8.779205757,9.140255656,8.466762907,8.682767572,8.556834729,8.779205757,15.07118245,25.21564312,2
7,2,5,9,7.097035885,40.87449265,1.227187061,8.148716944,87.10041046,8.613281095,6.145014763,4.877604008,5.653087139,4.826022625,0.686309397,0.02717543,6.847736359,8.300782994,8.010255797,8.00340726,8.378567131,8.207575931,8.592414204,8.065718035,8.091167416,8.098841747,8.300782994,7.859467701,8.132239799,7.937671384,8.057938956,12.60843564,22.51506356,1
2,8,3,4,4.168462277,27.1210022,1.137055936,8.794642098,51.77574539,9.271763912,3.109202862,2.448369265,2.731295824,2.06253171,0.425192416,0.020157339,8.491786957,8.918673288,8.521548992,8.754378214,8.684805451,8.974299021,9.391707891,8.682767572,8.74285314,8.838927755,9.037555302,8.466762907,8.684805451,8.556834729,8.778709727,15.15436915,25.32329989,2
6,3,3,6,3.309155464,20.85125732,1.032852967,9.681920196,39.07524872,10.19670806,1.817118883,1.705175638,1.822154284,1.737213373,0.336939126,0.018206121,7.196146488,9.992216633,9.632843813,9.553723999,9.849839984,9.650910386,10.29336718,9.53601878,9.53601878,9.809054689,10.01282044,9.391707891,9.53601878,9.24531534,9.407514341,16.28510336,31.27620829,2
2,4,3,2,2.606268406,15.89008236,0.999860464,10.00139555,26.22096252,10.55664063,1.386749387,1.239243627,1.328716397,1.302060247,0.287324697,0.016349318,5.501065254,10.26955886,9.768604144,9.971443234,10.16224127,9.869232258,10.70786527,9.88920425,9.909763719,10.05428078,10.22522986,9.731167467,9.848591873,9.748137785,9.748137785,16.90368532,30.06480688,2
2,5,3,2,2.617928505,15.89724827,0.999024394,10.00976559,26.66407967,10.58454192,1.342941403,1.257087827,1.354019284,1.269833684,0.287285358,0.015830042,5.526014328,10.31208331,9.88920425,10.05428078,10.13956467,10.13956467,10.58345322,9.82853453,9.869232258,10.01282044,10.31208331,9.709400899,9.728487243,9.649712155,9.848591873,16.63159492,31.26739836,2
6,7,5,3,5.694046974,34.51975632,1.208972872,8.271484192,,,5.188099384,4.247392178,4.556943417,3.758675098,0.550495207,0.024295811,6.43226862,8.501967727,7.984655667,8.215646531,8.292190316,8.486552559,8.937138347,8.124671325,8.173730066,8.266693826,8.521548992,7.937671384,8.083843909,8.010255797,8.207575931,13.13378726,22.80717251,1
6,7,5,5,9.242918968,55.36655045,1.225089701,8.162667591,120.8160324,8.713727656,8.678041458,8.250284195,6.59373188,6.99628067,0.782713771,0.037151817,8.516263962,8.476461261,7.891877573,8.344016294,8.091167416,8.300782994,8.648844116,8.050508484,8.091167416,8.292190316,8.378567131,7.853191676,7.853191676,7.963786942,8.043424401,12.5083684,23.40486691,1
10,4,3,4,3.856944084,25.164711,1.101921598,9.075055811,49.13748932,9.545201435,2.400186777,2.188825846,2.269895792,2.100832224,0.380652726,0.019008638,8.469410896,9.24531534,9.000287108,8.863732575,9.391707891,9.140255656,9.771798688,8.974299021,8.876796173,9.07513386,9.391707891,8.754378214,8.950006858,8.613178181,8.937138347,15.27833118,26.28623633,2
12,7,5,1,5.859129429,35.15813065,1.229502546,8.133370713,74.86654663,8.70396203,5.454692364,4.452458859,4.487643719,3.870114803,0.57725364,0.024681334,6.319491386,8.319091208,7.891877573,8.091167416,8.173730066,8.309749219,8.648844116,8.017446845,8.132239799,8.098841747,8.335154817,7.776947172,7.963786942,7.930946438,8.124671325,13.07829953,21.21198031,1
1,7,3,6,3.787172318,23.98839951,1.097534847,9.111328012,45.72584534,9.606584625,1.838834047,3.012428761,1.750934839,2.596189737,0.348677903,0.018670322,7.4107728,9.728487243,9.330244524,9.593121519,8.876796173,8.974299021,9.292084584,8.900284158,9.113025556,9.207190871,9.11698271,9.037555302,8.62417231,9.032512978,8.648844116,16.01720842,24.32974594,2
7,3,5,5,6.520049572,39.07505798,1.203492249,8.309151978,78.26722717,8.777902016,5.559523106,4.677320957,5.391246319,4.906714916,0.617363751,0.026593212,6.833574295,8.531935691,8.215646531,8.124671325,8.613178181,8.232882877,8.827480272,8.257995845,8.173730066,8.326847564,8.556834729,8.098841747,8.224082364,8.010255797,8.091167416,12.91847815,23.14758092,1
10,7,5,1,4.865660667,29.36482048,1.189907151,8.404017066,60.89229584,8.971818948,4.758768559,3.321665287,3.889973164,2.704576731,0.496781647,0.022753717,5.797335625,8.556834729,7.930946438,8.292190316,8.641917432,8.802479258,9.352819149,8.224082364,8.300782994,8.353255751,8.682767572,7.857004178,8.156912159,8.017446845,8.441650493,13.36213614,22.42409335,1
5,10,3,2,4.675204754,32.89107895,1.163825267,8.592355126,68.88796234,8.985770461,3.474363804,2.975386858,3.18806982,2.752003908,0.440196335,0.022258045,10.85168266,9.000287108,8.466762907,8.766328932,8.567118897,8.74285314,9.207190871,8.378567131,8.431847945,8.588899874,8.851111247,8.207575931,8.353255751,8.292190316,8.378567131,14.65253877,25.44187265,2
12,7,5,9,7.156847,42.12058258,1.232038456,8.116629764,89.21533966,8.574218592,6.430616379,5.508602619,5.4277215,5.092993259,0.659503758,0.027592424,6.974085331,8.224082364,7.88571073,8.065718035,8.091167416,8.266693826,8.648844116,8.050508484,8.074519101,8.140162976,8.309749219,7.88571073,8.050508484,7.891877573,8.017446845,13.02524262,21.80120174,1
8,5,5,3,4.266227722,25.28381157,1.14651307,8.722098564,,,3.091358662,3.024419308,3.007330418,2.752350092,0.426789582,0.020637276,5.592835426,9.065181672,8.648844116,8.754378214,8.706799804,8.814761955,9.314250747,8.567118897,8.584819128,8.802479258,8.977098958,8.407124597,8.431847945,8.441650493,8.531935691,13.46564733,25.54223585,1
9,2,3,4,3.938706398,24.67735672,1.133459774,8.822545125,45.52947998,9.30943083,2.692900896,2.293845415,2.170194864,2.024797678,0.38628608,0.020086529,7.805776119,8.974299021,8.521548992,8.613178181,8.974299021,8.900284158,9.24531534,8.754378214,8.802479258,8.875679967,9.051136544,8.521548992,8.802479258,8.577805986,8.802479258,15.36382678,25.44187265,2
6,2,3,4,3.751318693,23.3673439,1.081146259,9.249442358,44.97898483,9.768415243,2.261965036,2.111973047,2.040596247,1.9391644,0.370369464,0.019189598,7.667483807,9.44066133,9.140255656,9.147249401,9.402049699,9.24531534,9.629978479,9.184661693,9.140255656,9.330244524,9.502198964,9.01396534,9.07969401,9.000287108,9.140255656,15.64188173,28.49265928,2
3,8,3,6,4.561978817,30.06599617,1.131313085,8.839286074,64.10541534,9.344308313,3.276976109,2.399211168,2.886417627,2.318518877,0.439039767,0.022116425,10.02015686,9.07513386,8.431847945,9.037555302,8.950006858,9.07513386,9.421316719,8.684805451,8.74285314,8.875679967,9.065181672,8.407124597,8.595455782,8.521548992,8.779205757,14.77288726,25.21564312,2
3,4,5,9,8.834036827,50.13749313,1.246175294,8.024553244,112.4561157,8.540735827,7.393605232,6.388035774,7.116500855,6.102087975,0.787528873,0.031439785,7.789631367,8.241004466,7.841620601,8.010255797,8.107885009,8.091167416,8.511560225,7.905206644,7.88571073,8.050508484,8.173730066,7.841620601,7.937671384,7.776947172,7.930946438,12.61068579,21.29803124,1
8,10,5,5,8.397066116,51.1608429,1.257102765,7.954799146,106.2891007,8.412388841,7.855414391,6.85229969,7.38199234,6.396942139,0.785837293,0.031841043,7.68603611,8.124671325,7.602615114,8.043424401,7.930946438,8.181907077,8.476461261,7.841620601,7.918499136,7.963786942,8.207575931,7.660404535,7.814883759,7.702169143,7.891877573,12.31292487,21.3694928,1
8,7,5,3,4.80830431,28.60515022,1.179529327,8.477957919,,,3.704733372,3.803584576,3.188227177,3.38029623,0.450322211,0.021243097,5.812489033,8.875679967,8.397220626,8.684805451,8.407124597,8.567118897,9.000287108,8.292190316,8.378567131,8.521548992,8.754378214,8.083843909,8.173730066,8.215646531,8.249666422,13.35639328,24.13627101,1
1,7,3,2,2.714277744,16.90851593,1.02840748,9.723772135,29.43825722,10.25111593,1.189298749,2.011831522,1.172272801,1.702154398,0.277104408,0.016380789,5.510011196,10.53981035,10.12067895,10.27227344,9.15058915,9.402049699,9.709400899,9.53601878,9.748137785,9.971443234,9.650910386,9.669526747,9.051136544,9.909763719,9.314250747,17.20080667,29.58853173,2
4,3,3,2,3.563034058,22.71741486,1.07209089,9.327567364,46.13453293,9.842354362,2.068165064,1.908354044,2.179352999,1.854632616,0.387308896,0.019944908,7.598254681,9.575506084,9.314250747,9.222381024,9.53601878,9.496856251,9.930153595,9.216583294,9.147249401,9.352819149,9.496856251,9.000287108,9.102563482,8.937138347,9.154577896,14.86843868,29.58853173,2
9,2,3,7,3.230792046,19.70461845,1.083434053,9.229911106,36.17052078,9.762834638,1.886859179,1.762201548,1.589109659,1.566890955,0.33188799,0.017985823,6.596265316,9.479593302,8.912739773,9.11698271,9.260411275,9.292084584,9.768604144,9.083834058,9.222381024,9.283757933,9.44066133,8.937138347,9.140255656,9.037555302,9.16937843,16.21373934,26.8466182,2
10,8,3,7,3.450540066,22.53724098,1.094852603,9.133649566,43.66204453,9.645647128,2.218817949,1.930226564,1.87257123,1.766261339,0.349496156,0.018332006,7.786870003,9.368720924,8.74285314,9.260411275,9.07969401,9.502198964,9.809054689,8.913250767,9.07513386,9.154577896,9.407514341,8.754378214,8.851111247,8.851111247,9.037555302,15.64188173,27.58430941,2
11,3,3,7,3.099226475,19.13010979,1.082125601,9.24107145,34.71225357,9.75446373,1.703255892,1.664231539,1.657307863,1.580014467,0.316050082,0.017301323,6.444518566,9.391707891,8.977098958,8.950006858,9.275999915,9.314250747,9.731167467,9.207190871,9.184661693,9.352819149,9.53601878,9.000287108,9.178260413,8.977098958,9.207190871,16.24798369,26.73944692,2
6,7,3,4,4.34555912,29.2713871,1.076114781,9.292689014,59.39712906,9.818638957,2.853152514,2.589989901,2.252240419,2.306496859,0.394319117,0.021605017,10.39207649,9.650910386,8.977098958,9.44066133,9.216583294,9.40443951,9.82853453,9.065181672,9.222381024,9.423830676,9.575506084,8.937138347,9.037555302,9.051136544,9.178260413,15.21609744,30.77207123,2
9,9,3,2,2.767385483,17.75570488,1.03658719,9.647041846,31.40217781,10.10602626,1.78637147,1.435813069,1.515592814,1.342280507,0.294610292,0.016585352,6.120065689,9.690873213,9.037555302,9.61532038,9.848591873,10.12067895,10.70786527,9.423830676,9.53601878,9.611276767,9.971699285,9.102563482,9.462852432,9.207190871,9.611276767,16.34746013,30.3087383,2
10,5,5,5,6.749711037,39.80274582,1.216977865,8.217076325,87.46155548,8.740234231,5.679397106,4.937304974,5.324967861,5.075935841,0.621746123,0.027309183,6.783865452,8.431847945,8.098841747,8.076869563,8.397220626,8.292190316,8.875679967,8.132239799,8.076869563,8.266693826,8.476461261,7.930946438,8.076869563,7.809150318,8.017446845,12.92041128,23.17727177,1
12,5,5,9,6.692567349,39.76895142,1.230980567,8.123605087,85.93798828,8.597935731,5.8413167,4.895448208,5.349358082,4.961506367,0.6295982,0.026357178,6.774069786,8.232882877,7.859467701,7.996900123,8.257995845,8.091167416,8.659735713,8.115506134,8.050508484,8.207575931,8.378567131,7.891877573,8.091167416,7.820940866,8.017446845,12.97110055,21.80120174,1
7,9,5,9,9.279292107,55.17449951,1.235649075,8.092912625,119.5458069,8.567243269,9.213996887,7.30510807,7.216485024,6.779066086,0.82542026,0.03577495,8.294178963,8.476461261,7.853191676,8.148443627,8.158453454,8.207575931,8.592414204,7.930946438,8.010255797,8.181907077,8.397220626,7.702169143,7.924556243,7.820940866,7.882190857,12.31292487,23.68742327,1
6,6,5,5,7.315084457,42.40141678,1.192083843,8.388671702,89.3993454,8.925781121,5.632977009,6.346619606,4.526227474,5.710490704,0.61916548,0.030550722,7.309773445,8.838927755,8.257995845,8.613178181,8.344016294,8.378567131,8.706799804,8.266693826,8.335154817,8.476461261,8.521548992,8.181907077,8.098841747,8.215646531,8.158453454,12.76188789,24.07494731,1
6,6,5,9,7.030615807,39.2470398,1.185185209,8.437499831,84.97676849,8.928571424,5.169625759,5.528146267,4.260861874,5.106746197,0.575916112,0.029323343,6.972126484,8.937138347,8.309749219,8.613178181,8.521548992,8.476461261,8.845569568,8.257995845,8.292190316,8.476461261,8.613178181,8.1152523,8.124671325,8.266693826,8.224082364,12.71011678,24.32593732,1
8,9,5,9,9.21409893,53.93366623,1.233947296,8.104073836,114.550911,8.570032704,9.193634987,6.89626503,7.37544632,6.094314575,0.923791528,0.034775738,8.105799675,8.232882877,7.745009498,8.065718035,8.156912159,8.300782994,8.74285314,7.996900123,8.017446845,8.098841747,8.397220626,7.707593881,7.963786942,7.88571073,8.065718035,12.41364387,23.57744984,1
2,5,3,7,3.222483635,19.8089447,1.07144995,9.333147102,37.04986572,9.905134005,1.867819071,1.570352793,1.781210184,1.563145876,0.334932834,0.017592432,6.704321861,9.553723999,9.102563482,9.260411275,9.462852432,9.423830676,9.88920425,9.226213479,9.154577896,9.352819149,9.553723999,9.07969401,9.283757933,9.037555302,9.222381024,16.14769587,26.26757453,2
6,5,5,8,9.208835602,54.7330513,1.21656488,8.21986576,114.8068237,8.674665153,7.690882683,7.69607544,7.421048164,7.268695831,0.783177972,0.035499577,8.429237366,8.567118897,8.098841747,8.275763136,8.257995845,8.257995845,8.613178181,8.091167416,8.124671325,8.300782994,8.476461261,7.930946438,8.050508484,7.963786942,8.043424401,12.45782877,23.85175714,1
12,4,3,7,2.652837992,16.18025398,1.040348325,9.61216523,27.1276226,10.14369404,1.322736859,1.385647893,1.31999886,1.335671544,0.281903774,0.016821386,5.602560043,10.03441409,9.53601878,9.391707891,9.650910386,9.53601878,9.971443234,9.61532038,9.553723999,9.650910386,9.82853453,9.44066133,9.462852432,9.283757933,9.502198964,17.27115756,27.36668142,2
6,9,5,1,5.003127098,29.92128944,1.199665387,8.335657685,62.26204681,8.88253273,4.110681057,4.031877041,3.443144321,3.525945187,0.476010621,0.022415401,5.757540226,8.706799804,8.207575931,8.531935691,8.207575931,8.292190316,8.814761955,8.207575931,8.266693826,8.378567131,8.60259307,8.043424401,8.107885009,8.124671325,8.181907077,13.53178058,22.24434098,1
5,6,5,1,7.014659882,42.3365593,1.247042404,8.018973506,91.51077271,8.684430779,6.375069618,5.058028698,5.906525135,5.029830456,0.659912884,0.027372126,7.351433754,8.309749219,7.930946438,8.124671325,8.257995845,8.010255797,8.62417231,7.809150318,7.776947172,8.050508484,8.232882877,7.676069657,7.88571073,7.628814913,7.898375841,13.18728423,21.12661883,1
7,5,5,9,6.439538479,37.74812317,1.173734995,8.519810725,80.94136047,9.013671753,5.180986881,4.40500021,5.145046711,4.631467342,0.616049826,0.022918942,6.879293919,8.766328932,8.521548992,8.521548992,8.754378214,8.613178181,9.042709579,8.441650493,8.344016294,8.521548992,8.754378214,8.215646531,8.344016294,8.148443627,8.266693826,13.08072149,24.91485947,1
7,10,5,9,9.141070366,54.00061417,1.270246278,7.872489119,120.7612152,8.351004784,8.675806999,7.317035675,7.192755699,6.764778137,0.844625592,0.034130577,7.956413269,8.158453454,7.602615114,8.043424401,7.841620601,8.060112066,8.292190316,7.686321126,7.793015215,7.891877573,8.082246083,7.561478441,7.660404535,7.702169143,7.809150318,12.12349577,21.54010934,1
11,5,5,9,7.94723177,45.51308441,1.240567606,8.060826312,100.8974533,8.535156089,6.521127701,5.664133549,6.55275631,5.56566,0.720652401,0.028843407,7.3101511,8.207575931,7.898375841,7.853191676,8.292190316,8.148443627,8.682767572,7.970403814,7.996900123,8.091167416,8.319091208,7.80491439,7.944732744,7.707593881,7.88571073,12.66247574,21.8896447,1
10,4,5,8,9.852170944,58.5779953,1.263974562,7.911551622,109.7662354,8.352399501,8.576955795,7.769403458,8.873446465,7.646350861,0.908228993,0.034744266,8.365013123,8.098841747,7.809150318,7.766220179,8.158453454,7.947332605,8.476461261,7.814883759,7.814883759,7.970403814,8.074519101,7.660404535,7.853191676,7.521367081,7.776947172,12.50695846,21.62644182,1
9,10,3,6,4.612820625,31.26393127,1.179723525,8.476562334,64.23522949,8.920201383,3.406322956,2.74753499,2.912129641,2.743160486,0.437238038,0.022596361,10.11837101,8.706799804,8.065718035,8.531935691,8.466762907,8.838927755,9.102563482,8.353255751,8.441650493,8.441650493,8.74285314,8.098841747,8.300782994,8.181907077,8.353255751,14.65253877,23.68742327,2
6,7,5,1,4.316479683,25.75632095,1.168568639,8.557477643,54.40193176,9.165735879,3.483616352,3.028447628,2.958707094,2.842861414,0.416018546,0.019732477,5.552237511,8.851111247,8.387702394,8.706799804,8.613178181,8.706799804,9.15058915,8.353255751,8.466762907,8.504015028,8.876796173,8.124671325,8.266693826,8.292190316,8.441650493,14.12923444,22.42409335,1
3,9,3,2,2.866472721,18.13771439,1.054893327,9.47963149,32.27449799,9.979073123,1.723491907,1.508448839,1.687866449,1.392634511,0.345766813,0.017686846,6.083810806,9.631052564,9.113239486,9.363752866,9.44066133,9.728487243,10.24640008,9.275999915,9.499178447,9.496856251,9.809054689,9.102563482,9.330244524,9.140255656,9.44066133,16.55152627,29.94430321,2
4,5,5,1,7.111906052,42.07353973,1.263751777,7.91294634,80.84660339,9.115513899,6.367610931,5.077289105,5.875179768,5.08874464,0.660487235,0.025247816,7.022283554,8.091167416,7.820940866,7.80491439,8.091167416,7.996900123,8.431847945,7.795439387,7.795439387,7.80491439,8.132239799,7.692256858,7.795439387,7.628814913,7.853191676,12.61068579,20.48820898,1
6,10,3,4,4.757604122,32.78590012,1.154639146,8.660714507,63.84635925,9.147600212,3.16821146,3.065300465,2.907251597,3.172806263,0.450739205,0.020983459,10.75323296,8.974299021,8.397220626,8.974299021,8.556834729,8.754378214,9.178260413,8.501967727,8.556834729,8.74285314,8.875679967,8.378567131,8.387702394,8.431847945,8.486552559,14.12923444,26.26757453,2
5,4,3,2,2.838290215,17.96582985,1.024000006,9.765624941,31.86751556,10.25948597,1.548134089,1.434365392,1.476473928,1.430337071,0.288111478,0.016247036,6.400191307,10.38527071,9.731167467,9.849839984,9.650910386,9.848591873,10.40292938,9.571966814,9.650910386,9.849839984,9.950755185,9.475893307,9.423830676,9.391707891,9.44066133,16.56493515,30.65068523,2
11,4,3,2,2.915402651,18.4545002,1.049948728,9.524274598,34.16353989,10.02232151,1.601100206,1.423476338,1.633924723,1.530164003,0.308858901,0.017356398,6.438853741,9.690873213,9.391707891,9.330244524,10.01282044,9.53601878,10.44600583,9.53601878,9.24531534,9.462852432,9.748137785,9.178260413,9.502198964,8.974299021,9.192485663,15.88946549,28.60594918,2
11,4,5,9,9.184854507,52.65998077,1.264866767,7.905971017,118.5528565,8.385881399,8.00414753,6.261458397,7.692613602,6.837665558,0.831289649,0.031990532,7.876185417,8.050508484,7.644802594,7.739378034,8.1659133,7.905206644,8.431847945,7.859467701,7.88571073,7.898375841,8.148443627,7.676069657,7.898375841,7.588136029,7.734061924,12.45782877,21.29803124,1
5,2,3,4,5.952056408,39.90386963,1.174504313,8.51423012,88.31187439,8.99972024,4.414913654,3.776267529,3.620831013,3.207109928,0.557749331,0.027081017,12.90702343,8.74285314,8.41340561,8.431847945,8.549490715,8.521548992,8.875679967,8.466762907,8.466762907,8.556834729,8.718425747,8.326669104,8.41340561,8.207575931,8.41340561,14.36325746,24.72615972,2
9,9,5,9,12.54725933,73.05011749,1.29620257,7.714843521,160.1910553,8.175223519,13.59574032,9.458748817,9.598323822,8.418686867,1.11500299,0.048158892,10.13895321,7.891877573,7.285259628,7.676069657,7.809150318,7.930946438,8.387702394,7.556845134,7.633836731,7.702169143,8.017446845,7.333737543,7.588136029,7.490478552,7.660404535,11.84371163,21.16056612,3
9,9,3,7,3.784056664,25.57239914,1.110629082,9.003906128,49.69087982,9.481027075,2.620233774,2.117732287,2.148762941,1.995718241,0.378858864,0.019968512,8.928521156,9.140255656,8.54272254,8.977098958,9.207190871,9.352819149,9.768604144,8.900284158,8.863732575,9.037555302,9.333495598,8.556834729,8.802479258,8.613178181,8.900284158,14.92900199,27.06356116,2
12,5,5,5,5.228847027,31.46498871,1.210606289,8.260323849,67.34346008,8.782087037,4.29897356,3.869485378,3.997164249,3.879870892,0.508001149,0.022250177,5.941529274,8.300782994,7.984655667,8.207575931,8.344016294,8.266693826,8.706799804,8.224082364,8.232882877,8.41340561,8.521548992,8.043424401,8.181907077,8.010255797,8.173730066,13.53178058,21.47225024,1
7,5,5,5,5.848319054,35.05485916,1.167426664,8.565848551,74.63809204,9.098772083,4.454976559,4.181239605,4.655039311,4.6057868,0.565223754,0.022989752,6.583283424,8.802479258,8.556834729,8.521548992,8.706799804,8.567118897,9.037555302,8.531935691,8.431847945,8.592414204,8.838927755,8.344016294,8.378567131,8.1659133,8.387702394,13.08072149,25.11457939,1
3,7,3,2,2.544238567,15.66182327,0.986376726,10.13811431,25.76709557,10.65708719,1.325065732,1.300486684,1.259636998,1.228637815,0.276034385,0.016168358,5.509845734,10.48944031,9.849839984,10.36020652,10.03441409,10.39819631,10.68034032,9.930153595,10.05428078,10.13956467,10.40292938,9.809054689,9.809054689,9.88920425,9.971187183,16.97310512,39.44536491,2
4,6,5,3,8.156027794,48.05298615,1.272049725,7.861327908,,,7.246634483,6.427941322,6.393102646,5.777020931,0.761746049,0.032273773,7.759490013,8.091167416,7.734061924,7.930946438,7.891877573,7.951561884,8.422434462,7.776947172,7.776947172,7.891877573,8.124671325,7.5926596,7.628814913,7.561478441,7.702169143,12.27286117,22.06870096,1
9,5,5,3,4.814771652,28.40882111,1.172774823,8.526786048,,,3.759304524,3.166008472,3.696424961,3.178596973,0.488347352,0.021439793,5.856368065,8.820665542,8.441650493,8.397220626,8.754378214,8.62417231,9.24531534,8.431847945,8.387702394,8.521548992,8.875679967,8.124671325,8.292190316,8.124671325,8.257995845,13.08072149,25.02479299,1
5,2,5,1,14.575881,83.57984161,1.32765329,7.532086933,205.0780945,8.073381373,13.73286057,11.17421532,11.67936039,11.03756714,1.297103524,0.048693903,10.83600998,7.776947172,7.367533527,7.451400819,7.588136029,7.490478552,7.905206644,7.451400819,7.447615474,7.561478441,7.734061924,7.352404893,7.486220454,7.318678186,7.486220454,11.59814968,19.54212314,3
10,5,5,1,4.775070667,28.2588234,1.170476784,8.543526997,52.90639496,9.434989248,3.855606556,2.97091794,3.868006229,3.073545933,0.47881943,0.020613672,5.809633255,8.718425747,8.431847945,8.353255751,8.913250767,8.74285314,9.423830676,8.326847564,8.344016294,8.531935691,8.851111247,8.091167416,8.387702394,8.091167416,8.326669104,13.24122013,23.8796124,1
8,6,5,9,6.12776041,34.98570252,1.160997753,8.613281095,72.57631683,9.086217022,5.390616894,3.851483822,4.705173016,3.545960903,0.5939098,0.02552319,6.607429504,8.778709727,8.378567131,8.588899874,8.766328932,8.876796173,9.391707891,8.466762907,8.41340561,8.556834729,8.838927755,8.215646531,8.466762907,8.292190316,8.466762907,13.02415191,25.44187265,1
3,9,5,9,12.53571701,75.96511078,1.301143622,7.685546644,165.913559,8.172433216,13.40640926,11.81770802,10.37600994,8.187750816,1.073224902,0.04656959,10.1323204,7.930946438,7.312204303,7.734061924,7.517219274,7.88571073,8.124671325,7.556845134,7.676069657,7.766220179,7.930946438,7.416903742,7.525810844,7.517219274,7.702169143,12.08690816,20.40641891,3
3,4,5,3,5.508618355,32.11316681,1.20187796,8.320312321,,,4.45727396,3.867313862,4.170979977,3.655134678,0.543909848,0.023611311,6.085510254,8.556834729,7.970403814,8.283703494,8.387702394,8.397220626,8.74285314,8.266693826,8.266693826,8.344016294,8.486552559,8.132239799,8.207575931,8.124671325,8.292190316,12.76167839,23.08362576,1
2,5,3,4,4.329508781,27.80186653,1.111317768,8.99832639,52.22818756,9.447545177,2.988227129,2.372208834,2.724623919,2.251359224,0.429039776,0.020196678,8.904210091,9.207190871,8.876796173,8.977098958,9.102563482,9.037555302,9.462852432,8.838927755,8.950006858,9.07513386,9.188245301,8.71265739,8.802479258,8.814761955,8.851111247,15.38908384,25.22300986,2
9,3,5,3,6.038728237,35.79455185,1.229291746,8.134765431,,,5.320561886,3.822152615,5.417430401,4.10070467,0.609771311,0.023878817,6.2917099,8.292190316,7.963786942,7.827322747,8.466762907,8.1659133,8.74285314,8.076869563,8.017446845,8.132239799,8.422434462,7.853191676,8.132239799,7.734061924,7.977359871,12.22266516,23.08362576,1
8,2,3,4,3.751200676,23.15994835,1.097366763,9.112723597,44.80345154,9.620536139,2.401130915,2.002043963,2.065899134,1.879809618,0.375790417,0.020322563,7.499616146,9.154577896,8.900284158,8.937138347,9.391707891,9.222381024,9.53601878,9.000287108,9.051136544,9.121369942,9.330244524,8.838927755,9.07513386,8.815862088,9.11698271,15.42023563,26.8466182,2
7,2,5,3,5.275133133,30.58470917,1.198061216,8.346818896,,,4.000783444,3.289847851,4.437950611,3.525599003,0.556490481,0.021754505,5.84685564,8.476461261,8.224082364,8.132239799,8.613178181,8.378567131,8.863732575,8.257995845,8.257995845,8.344016294,8.521548992,8.098841747,8.309749219,8.057938956,8.266693826,12.65876244,23.85981333,1
7,3,5,9,7.009136677,40.57769394,1.19886264,8.341239158,88.16474152,8.836495771,5.945895672,4.855385304,5.519774914,4.907092571,0.64974767,0.027112488,6.963558197,8.592414204,8.132239799,8.207575931,8.60259307,8.353255751,8.977098958,8.300782994,8.173730066,8.353255751,8.613178181,8.050508484,8.224082364,8.017446845,8.124671325,12.86670926,23.59248259,1
11,5,5,5,6.470199108,38.69264221,1.22971355,8.131975128,84.80979157,8.652343599,5.606100559,4.762104511,5.330192089,4.85176611,0.625876725,0.025743488,6.550639629,8.215646531,7.88571073,7.977359871,8.378567131,8.207575931,8.718425747,8.057938956,8.065718035,8.173730066,8.353255751,7.891877573,8.065718035,7.782789794,8.010255797,12.91976727,21.71346819,1
5,3,5,1,7.033613205,41.52520371,1.24943363,8.003626408,80.47198486,9.18526713,5.597949505,5.21563673,5.599145412,5.748413563,0.647033274,0.02523208,6.883400917,8.283703494,7.930946438,7.930946438,8.106869672,7.937671384,8.431847945,7.977359871,7.970403814,8.050508484,8.148443627,7.820940866,7.88571073,7.776947172,7.776947172,12.35973679,22.21063977,1
8,5,5,9,6.425706863,37.50285339,1.162127062,8.604911055,80.83763886,9.104352688,5.170727253,4.387879849,4.998673916,4.627501965,0.590424359,0.024681334,6.874549866,8.900284158,8.501967727,8.613178181,8.814761955,8.613178181,9.11698271,8.486552559,8.46242888,8.671042423,8.876796173,8.292190316,8.431847945,8.292190316,8.344016294,13.41079806,26.52764715,1
3,4,3,2,2.741303682,16.645895,0.9991637,10.00837,27.44538689,10.56780184,1.364876866,1.315939069,1.437166333,1.325065732,0.295507222,0.01727772,5.814212322,10.31208331,9.930153595,9.930153595,10.18155041,10.05662293,10.59297588,9.88920425,9.869232258,10.07579351,10.25126727,9.768604144,9.788171553,9.571966814,9.809054689,16.484105,1387.490756,2
5,5,5,1,6.98761034,41.48139572,1.249869237,8.000836972,77.81288147,9.228515521,5.930191517,5.341427326,5.529405117,5.137871265,0.626750052,0.02602673,7.103125572,8.422434462,8.010255797,8.043424401,8.098841747,8.010255797,8.431847945,7.853191676,7.853191676,8.043424401,8.215646531,7.628814913,7.809150318,7.788953312,7.776947172,12.91847815,20.57065524,1
10,3,5,8,11.116395,65.26425171,1.298550722,7.700892875,148.7690735,8.179407672,10.11973953,7.877444267,10.23961353,8.75121212,1.027733207,0.036309961,8.858041763,7.853191676,7.556845134,7.561478441,7.984655667,7.734061924,8.257995845,7.633836731,7.602615114,7.660404535,7.930946438,7.447615474,7.665316616,7.348858418,7.571646776,11.9398062,20.73755627,3
7,7,5,9,7.334132195,43.40463257,1.190697699,8.398437328,91.50914764,8.860212043,7.13547802,5.884935856,5.164527416,4.783945561,0.6748932,0.031699423,7.37871933,8.648844116,8.098841747,8.588899874,8.344016294,8.659735713,8.863732575,8.207575931,8.300782994,8.466762907,8.588899874,8.043424401,8.1659133,8.224082364,8.326669104,12.76188789,24.81618776,1
6,11,5,1,8.564721108,52.55700684,1.248562923,8.00920788,98.57810974,8.48632796,9.984633446,11.2209816,4.004119396,4.144197941,0.670306265,0.046302084,7.989245892,8.353255751,7.416903742,8.407124597,7.490478552,8.397220626,8.378567131,7.692256858,8.173730066,8.091167416,8.224082364,7.5926596,7.561478441,8.124671325,8.181907077,12.86670926,21.38478493,1
4,7,3,2,2.959399462,19.25025177,1.033895801,9.67215457,36.39799118,10.15067024,1.711973429,1.57957387,1.602925539,1.506308794,0.294814855,0.016601088,6.864282131,9.971187183,9.314250747,9.809054689,9.53601878,9.849839984,10.33581404,9.479593302,9.553723999,9.768604144,10.05428078,9.352819149,9.368720924,9.368720924,9.53601878,16.01720842,31.80234137,2
12,5,5,3,5.282049179,31.76447868,1.210197489,8.263114151,,,4.457683086,3.760437489,4.253057003,3.776645184,0.58059746,0.022525551,5.886297226,8.431847945,8.076869563,8.181907077,8.466762907,8.344016294,8.802479258,8.124671325,8.173730066,8.292190316,8.476461261,7.996900123,8.124671325,7.996900123,8.124671325,12.73594913,23.08362576,1
2,4,3,6,3.392994881,20.93697929,1.073214507,9.317801739,38.21496582,9.762834638,1.959903956,1.693625689,1.936866999,1.847645998,0.352753431,0.018221857,6.862134457,9.553723999,9.154577896,9.24531534,9.402049699,9.000287108,9.788171553,9.264496455,9.352819149,9.479593302,9.496856251,9.192485663,9.330244524,9.037555302,9.051136544,16.76653611,26.42300314,2
10,3,3,7,3.359265566,20.59862328,1.079518156,9.263392137,38.0764389,9.767020526,1.87584424,1.718330622,1.71099782,1.72959733,0.334665328,0.017466547,6.994101048,9.541873595,9.037555302,9.102563482,9.462852432,9.24531534,9.890967789,9.147249401,9.16937843,9.24531534,9.502198964,8.974299021,9.24531534,8.950006858,9.065181672,15.82474107,27.20855707,2
7,2,3,4,3.701751471,22.79166222,1.089196125,9.181082977,43.68173981,9.698661145,2.245662928,1.956095934,2.059951067,1.87659955,0.375184596,0.019402029,7.435273171,9.330244524,9.065181672,9.011770061,9.44066133,9.207190871,9.669526747,9.102563482,9.102563482,9.154577896,9.407514341,8.876796173,9.178260413,8.876796173,9.037555302,15.57790662,27.06356116,2
10,4,5,5,8.148191452,47.86184692,1.252052376,7.986886326,103.4572525,8.489118263,6.866430283,6.12106514,7.03999424,5.994141102,0.755089879,0.029842619,7.466500282,8.148443627,7.944732744,7.853191676,8.224082364,8.017446845,8.648844116,7.930946438,7.905206644,7.930946438,8.207575931,7.660404535,7.859467701,7.628814913,7.837033294,12.61068579,20.82202877,1
10,9,5,1,6.804872513,41.0810318,1.264643528,7.907366602,88.74371338,8.398437328,6.54095459,5.348067761,6.029232025,4.168147564,0.701045811,0.026152615,6.742393971,8.010255797,7.628814913,7.918499136,7.918499136,8.148443627,8.466762907,7.827322747,7.88571073,7.814883759,8.050508484,7.588136029,7.782789794,7.660404535,7.937671384,12.46462355,20.95794429,1
12,8,5,3,6.468310833,39.15908814,1.253146808,7.979911003,,,6.608491898,4.950459957,5.018249035,4.379508495,0.618551791,0.02735639,6.573181152,8.224082364,7.517219274,8.043424401,7.984655667,8.181907077,8.466762907,7.853191676,7.914627332,7.984655667,8.173730066,7.670537954,7.847243197,7.841620601,7.963786942,12.91976727,21.04194459,1
6,2,5,9,7.458050251,43.58213043,1.216977865,8.217076325,96.44303894,8.727678302,6.406005859,5.628036022,5.889688015,5.384070873,0.696356595,0.027309183,7.097035885,8.431847945,8.132239799,8.124671325,8.407124597,8.173730066,8.588899874,8.065718035,8.124671325,8.266693826,8.45184266,8.017446845,8.148443627,7.963786942,8.091167416,12.76188789,22.56672161,1
10,6,5,1,4.47986269,26.76932526,1.167046502,8.568638854,51.08811188,9.349888919,3.820830822,2.914049387,3.449784756,2.754647493,0.457647145,0.019575121,5.628453255,8.779205757,8.232882877,8.567118897,8.876796173,8.840637534,9.402049699,8.353255751,8.378567131,8.592414204,8.838927755,8.098841747,8.309749219,8.190445996,8.397220626,13.43235957,23.22021521,1
10,4,5,3,6.001600266,35.17631912,1.222999498,8.176618237,,,4.745550633,3.833608151,5.449531078,4.12207365,0.601934969,0.022486212,6.28753233,8.309749219,8.057938956,7.905206644,8.486552559,8.266693826,8.851111247,8.106869672,8.050508484,8.140162976,8.466762907,7.963786942,8.076869563,7.734061924,8.00340726,12.36307986,23.2661049,1
10,10,3,6,4.900239945,34.29496765,1.190302232,8.40122763,70.81829071,8.828124863,5.159554958,2.77441144,3.159871578,2.670115709,0.480865061,0.023493294,10.52730084,8.521548992,7.745009498,8.466762907,8.521548992,8.648844116,9.037555302,8.241004466,8.387702394,8.397220626,8.648844116,7.996900123,8.353255751,8.181907077,8.378567131,14.89523095,23.4983001,2
8,10,3,4,3.976825953,26.66190338,1.133818366,8.819754822,50.59727097,9.312220266,2.598644495,2.303695917,2.592822313,2.274805307,0.399944603,0.0194335,8.829740524,9.01396534,8.422434462,8.937138347,8.887761481,9.140255656,9.462852432,8.682767572,8.74285314,8.802479258,9.07969401,8.441650493,8.62417231,8.441650493,8.754378214,14.77288726,25.64339269,2
2,5,5,5,9.288992882,55.55729294,1.242287707,8.049665101,116.839119,8.583984218,8.89242363,6.669797897,8.588663101,6.720403671,0.860880494,0.03282452,8.246829987,8.207575931,7.859467701,8.010255797,8.083843909,8.098841747,8.501967727,8.010255797,7.984655667,8.124671325,8.232882877,7.809150318,7.963786942,7.814883759,7.963786942,12.71157217,20.48820898,1
5,4,3,2,3.272994995,21.09277153,1.04398482,9.578683333,40.80627823,10.07254523,1.887110949,1.706245661,1.844278574,1.69894433,0.326246768,0.017820599,7.383487225,9.889455868,9.479593302,9.669526747,9.650910386,9.65546721,10.18155041,9.44066133,9.391707891,9.65546721,9.930153595,9.207190871,9.264496455,9.207190871,9.352819149,16.24798369,31.92779315,2
7,6,5,9,5.246880055,29.83879662,1.14963917,8.698381425,61.44283295,9.167131464,3.882577419,3.575543881,3.533750057,3.379729748,0.50004679,0.023044827,6.104605675,9.065181672,8.486552559,8.838927755,8.766328932,8.74285314,9.352819149,8.592414204,8.431847945,8.648844116,8.900284158,8.397220626,8.486552559,8.476461261,8.531935691,13.13378726,25.74535648,1
8,7,5,5,6.718271256,40.74597549,1.182252964,8.458426667,84.50467682,8.971818948,5.950049877,5.695384502,5.109861851,4.789578915,0.614153683,0.028442148,7.108318329,8.718425747,8.224082364,8.521548992,8.387702394,8.556834729,8.950006858,8.361256519,8.431847945,8.556834729,8.754378214,8.173730066,8.215646531,8.173730066,8.344016294,12.97110055,25.84813166,1
6,4,3,2,2.797007799,16.94761276,0.965257252,10.35993253,26.97912788,10.90680758,1.372933507,1.32903111,1.342028737,1.325317502,0.287647277,0.0169158,6.079349995,10.70786527,10.13956467,10.36020652,10.40292938,10.31208331,11.06420427,10.13956467,10.22738357,10.58345322,10.76915905,10.01282044,10.01282044,10.09792365,10.13956467,17.58304674,48.28454428,2
12,5,5,8,6.664880276,40.72123718,1.236075121,8.090123189,81.41317749,8.505859211,6.153386116,5.266336918,5.541521549,5.090884686,0.617694199,0.026042465,6.688035488,8.207575931,7.809150318,8.076869563,8.207575931,8.124671325,8.521548992,8.050508484,8.017446845,8.124671325,8.302113685,7.891877573,8.010255797,7.88571073,7.996900123,12.91847815,22.10826142,1
3,6,3,2,2.504561186,15.31779957,0.973780796,10.2692516,24.45790482,10.79380595,1.296710134,1.171548963,1.242768407,1.218157888,0.271573335,0.016624691,5.435872555,10.59904463,10.12067895,10.35496024,10.31208331,10.22738357,10.86949342,10.18155041,10.09792365,10.37861227,10.62745966,9.88920425,10.09608695,9.88920425,10.01282044,17.51171487,33.85008353,2
10,9,3,7,3.623034,23.94900322,1.13149173,8.837890489,46.21265411,9.312220266,2.364844561,2.167488337,2.08818078,1.848684549,0.371801406,0.019134523,8.142739296,9.154577896,8.567118897,8.876796173,8.814761955,9.102563482,9.38512926,8.648844116,8.74285314,8.838927755,9.000287108,8.476461261,8.613178181,8.613178181,8.814761955,14.99006078,25.64339269,2
9,10,3,7,3.856542826,25.90415764,1.146696548,8.720702979,52.42165375,9.214564008,2.532775164,2.211013079,2.284529924,2.18089509,0.379960358,0.019929173,8.841566086,8.950006858,8.387702394,8.684805451,8.779205757,9.01396534,9.352819149,8.592414204,8.648844116,8.659735713,9.000287108,8.397220626,8.556834729,8.397220626,8.60259307,14.71246694,24.91485947,2
9,3,3,7,3.458423615,21.65978813,1.080331543,9.256417681,39.57884598,9.776786152,2.034364939,1.785427332,1.85598588,1.756379366,0.35228923,0.018819811,7.387853622,9.53601878,9.102563482,8.995494184,9.462852432,9.256991163,9.848591873,9.260411275,9.113025556,9.283757933,9.44066133,8.974299021,9.178260413,8.900284158,9.140255656,15.82474107,27.80542678,2
7,7,5,1,4.116109848,24.52639008,1.153524336,8.669084547,51.65174866,9.281529538,3.141649723,2.940988779,2.792696238,2.631154299,0.411730588,0.018717529,5.45999527,9.037555302,8.648844116,8.779205757,8.706799804,8.802479258,9.260411275,8.378567131,8.588899874,8.648844116,8.887761481,8.241703341,8.387702394,8.422434462,8.531935691,13.88135141,23.4983001,1
2,8,5,9,9.955412865,58.95680618,1.269346471,7.878069724,126.6056976,8.34402946,9.704916954,8.862242699,7.979190826,6.461363792,0.900990605,0.037175421,8.457255364,8.057938956,7.597485222,7.937671384,7.776947172,8.017446845,8.319091208,7.782789794,7.853191676,7.859467701,8.091167416,7.628814913,7.734061924,7.707593881,7.859467701,12.56785097,20.48820898,3
9,5,5,1,4.300499916,25.43777657,1.151300933,8.685826364,47.97288132,9.585657788,3.33079195,2.706622362,3.283962727,2.61485219,0.448646367,0.019063713,5.61289835,8.900284158,8.648844116,8.613178181,8.918673288,8.778709727,9.40443951,8.556834729,8.521548992,8.613178181,9.000287108,8.319091208,8.441650493,8.300782994,8.521548992,13.35639328,24.62584973,1
6,3,5,8,8.002959251,47.35183716,1.224461917,8.166852611,95.70355225,8.61467668,6.933652878,6.396627426,6.492079735,5.938122273,0.72501117,0.031841043,7.443062306,8.46242888,8.065718035,8.091167416,8.207575931,8.173730066,8.613178181,8.140162976,8.098841747,8.232882877,8.397220626,7.952131071,8.017446845,7.853191676,8.010255797,12.46042586,23.12897675,1
11,7,5,8,9.880731583,58.80134201,1.289440502,7.755301609,123.7665329,8.186383863,10.47778797,7.781897545,8.013431549,6.872661591,0.902910352,0.037631754,8.274824143,7.889072649,7.416903742,7.809150318,7.782789794,7.970403814,8.378567131,7.587099077,7.702169143,7.776947172,7.963786942,7.420799932,7.613117646,7.521367081,7.707593881,12.08690816,20.95794429,3
3,8,5,9,9.011723518,53.57322311,1.270246278,7.872489119,113.5089417,8.324498209,9.561376572,6.851827622,7.034738541,6.250380516,0.84312284,0.034177784,7.951527596,8.091167416,7.486220454,7.984655667,7.891877573,7.930946438,8.266693826,7.776947172,7.891877573,7.898375841,8.057938956,7.588136029,7.750958531,7.734061924,7.841620601,12.36307986,20.82202877,1
9,8,3,2,2.617220402,16.48290443,0.995693789,10.04324835,28.14636231,10.55106089,1.483775258,1.289912343,1.366765142,1.252870679,0.276176006,0.016514542,5.856060982,10.18155041,9.53601878,10.2041472,10.18555412,10.40292938,11.03435048,9.829404661,9.930915098,9.993373851,10.31208331,9.462852432,9.809054689,9.669526747,9.930153595,16.69879228,32.43966495,2
6,3,5,9,7.455666542,43.20216751,1.195662989,8.363560712,86.99745178,8.823938975,6.170160294,5.577744961,5.750585079,5.366037846,0.685373128,0.028457884,7.194683075,8.606500344,8.300782994,8.292190316,8.484328461,8.353255751,8.851111247,8.300782994,8.266693826,8.387702394,8.539155004,8.124671325,8.207575931,8.124671325,8.215646531,12.97261579,23.8796124,1
8,2,3,7,3.200414419,19.37606049,1.055359242,9.475446469,33.84214401,10.02929684,1.766513109,1.631532908,1.573027849,1.597606897,0.330385238,0.017804863,6.569782257,9.690873213,9.140255656,9.363752866,9.61532038,9.553723999,9.993373851,9.423830676,9.402049699,9.443300542,9.669526747,9.24531534,9.352819149,9.207190871,9.462852432,16.484105,28.60594918,2
6,2,3,6,3.340642452,20.97064209,1.064290971,9.395926745,39.89479446,9.937220317,1.929597139,1.77633214,1.818094492,1.716820002,0.349637777,0.018237593,7.111646175,9.61532038,9.352819149,9.314250747,9.690873213,9.292084584,9.909763719,9.352819149,9.292084584,9.423830676,9.690873213,9.088615343,9.283757933,9.000287108,9.154577896,16.11721581,27.80542678,2
13,7,5,5,7.859143734,56.60182953,1.256661966,7.957589449,113.894043,8.45424078,14.15382004,4.021774769,10.97745705,3.723616123,0.998307586,0.028670315,8.448049545,7.702169143,7.315302412,7.702169143,8.353255751,8.441650493,8.724788785,7.853191676,7.937671384,7.891877573,8.335154817,7.416903742,8.010255797,7.556845134,8.132239799,13.2683538,19.54212314,1
9,3,5,8,10.72162724,63.98817062,1.277490639,7.82784601,134.7263336,8.267298304,10.21877956,7.569403648,10.41553783,8.127231598,1.010337472,0.037655357,8.778190613,8.017446845,7.660404535,7.628814913,8.065718035,7.809150318,8.397220626,7.776947172,7.776947172,7.853191676,8.017446845,7.556845134,7.809150318,7.486220454,7.707593881,12.03095044,21.89334469,3
3,8,3,2,2.85294795,17.65406799,1.042618136,9.591239261,29.4874897,10.06835934,1.663727999,1.405789495,1.502658129,1.408401609,0.297592193,0.017466547,6.047296524,9.868856495,9.207190871,9.768604144,9.650910386,9.669526747,10.25126727,9.423830676,9.462852432,9.61532038,9.78878785,9.260411275,9.44066133,9.330244524,9.462852432,16.52301592,29.70618004,2
11,7,5,9,8.576004028,50.22698212,1.253366006,7.978515418,108.9132385,8.436105113,8.113038063,7.306901932,6.315274239,5.722229481,0.759810567,0.035334352,7.708813191,8.215646531,7.676069657,7.963786942,8.017446845,8.1659133,8.588899874,7.811348368,7.859467701,8.010255797,8.232882877,7.697057541,7.827322747,7.702169143,7.88571073,12.5083684,21.62644182,1
3,4,5,5,9.178954125,53.90825272,1.251615111,7.989676629,115.598053,8.525390463,8.822998047,6.698468208,7.869513512,6.143755913,0.861549258,0.032383923,8.200378418,8.207575931,7.776947172,8.017446845,8.098841747,8.091167416,8.361256519,7.937671384,7.963786942,7.952131071,8.148443627,7.734061924,7.820940866,7.776947172,7.937671384,12.55749143,20.48820898,1
11,6,5,3,5.620522499,33.07701874,1.214297824,8.235211992,,,5.237288952,3.855040073,4.402545452,3.456079006,0.549755633,0.023926023,6.047980785,8.319091208,7.853191676,8.148443627,8.41340561,8.497040128,9.07513386,8.001017449,8.132239799,8.249666422,8.556834729,7.782789794,8.098841747,7.930946438,8.173730066,12.55749143,23.4983001,1
10,3,3,2,2.954985619,18.79332733,1.060041418,9.433593663,34.95419693,9.930244994,1.768275499,1.430400014,1.663130045,1.471344113,0.314751893,0.016907932,6.542708874,9.553723999,9.207190871,9.207190871,10.01282044,9.462852432,10.36020652,9.275999915,9.283757933,9.314250747,9.731167467,9.000287108,9.322520867,8.937138347,9.292084584,15.41686928,28.80212207,2
7,7,5,5,7.799072743,46.81433487,1.19886264,8.341239158,99.01976013,8.843470227,7.314266205,6.871654511,5.585927486,5.470050335,0.704507649,0.032745842,7.667648792,8.648844116,8.098841747,8.556834729,8.207575931,8.556834729,8.802479258,8.173730066,8.207575931,8.407124597,8.531935691,8.010255797,8.083843909,8.158453454,8.292190316,12.81408353,23.94584431,1
3,2,3,4,4.602411747,27.21305847,1.124215779,8.895089526,56.55768585,9.433593663,2.010446787,2.226465464,2.544356585,3.355496883,0.400636971,0.018465759,8.397632599,9.352819149,9.192485663,8.779205757,9.197382227,8.754378214,9.051136544,9.07969401,8.556834729,9.037555302,8.845569568,9.000287108,8.802479258,8.476461261,8.353255751,15.05162169,24.62584973,2
10,2,3,6,3.616967917,23.17847824,1.140493208,8.768136391,44.84649658,9.17689709,2.288463831,1.995025873,2.639777422,1.904042482,0.367954046,0.019346954,7.220009804,8.832899468,8.567118897,8.300782994,8.937138347,8.900284158,9.24531534,8.887761481,8.74285314,8.857266451,9.07513386,8.62417231,8.838927755,8.216081042,8.648844116,16.28032595,24.81618776,2
6,1,3,7,3.32086277,19.46060753,1.050410284,9.520089578,30.09549332,9.998604375,1.492555738,1.446702123,1.734538317,1.884845018,0.333375007,0.0176003,6.537587166,9.950628822,9.690873213,8.974299021,9.909763719,8.974299021,10.03441409,9.690873213,9.207190871,9.690873213,9.809054689,9.575506084,9.690873213,9.000287108,9.000287108,16.80061419,27.69442472,2
2,5,5,9,9.610424995,55.44487,1.256882258,7.956194731,111.3931885,8.416573862,8.843548775,6.794675827,8.062400818,6.776359558,0.880817533,0.033697847,8.201039314,8.207575931,7.734061924,7.970403814,7.963786942,7.963786942,8.431847945,7.891877573,7.827322747,7.984655667,8.181907077,7.776947172,7.891877573,7.718082557,7.820940866,12.61068579,20.90719073,1
10,6,5,5,6.777964592,40.42476273,1.212654309,8.246373202,88.14862061,8.748605139,6.062937737,5.143095493,5.38372469,4.868980885,0.627104104,0.027954344,6.862653732,8.431847945,7.930946438,8.257995845,8.441650493,8.497040128,8.838927755,8.132239799,8.098841747,8.266693826,8.521548992,7.905206644,8.124671325,7.875639383,8.076869563,12.81408353,23.27167817,1
7,9,3,2,2.766158104,17.39054108,1.004343629,9.956751569,29.95426369,10.45200905,1.463665128,1.402673841,1.42577374,1.399212003,0.28173855,0.016380789,6.183653355,10.42792152,9.849839984,10.18155041,9.930915098,10.13956467,10.56158578,9.731167467,9.809054689,9.991830893,10.26955886,9.514649037,9.61532038,9.629978479,9.650910386,16.90368532,32.57020671,2
8,3,3,4,3.604528904,22.72595215,1.069052914,9.354073939,43.5391922,9.873046825,2.111375094,1.90901494,2.01881814,1.85371995,0.355530769,0.017592432,7.704800606,9.575506084,9.292084584,9.102563482,9.731167467,9.38512926,10.05662293,9.24531534,9.16937843,9.368720924,9.575506084,8.987066664,9.283757933,8.918673288,9.154577896,15.57790662,28.26874862,2
6,5,5,9,7.014163971,40.8393364,1.184793395,8.440290134,88.89854431,8.934152029,5.397005558,5.368366718,5.206384182,5.289688587,0.611100972,0.026915792,7.176437855,8.802479258,8.41340561,8.466762907,8.501967727,8.441650493,8.913250767,8.344016294,8.300782994,8.486552559,8.671042423,8.215646531,8.257995845,8.124671325,8.173730066,13.08072149,24.32974594,1
9,10,3,4,4.801955223,32.27780914,1.176818211,8.497489171,66.92080689,9.005301713,3.333498478,2.938722849,3.016331196,2.993042231,0.443115294,0.021691563,10.34250927,8.718425747,8.158453454,8.441650493,8.60259307,8.671042423,9.102563482,8.387702394,8.42435152,8.531935691,8.706799804,8.181907077,8.326847564,8.266693826,8.378567131,14.3428432,24.13627101,2
10,5,5,3,5.105353832,30.05506516,1.185185209,8.437499831,,,4.093655109,3.2963624,4.094819546,3.445787907,0.512045205,0.022273781,5.899444103,8.62417231,8.309749219,8.300782994,8.802479258,8.592414204,9.24531534,8.257995845,8.257995845,8.387702394,8.706799804,8.043424401,8.292190316,8.043424401,8.181907077,12.71011678,24.62116765,1
12,8,5,8,9.637355804,59.23357773,1.292230114,7.738559793,115.7269592,8.133370713,11.51693726,7.958325386,7.437444687,6.77038002,0.856057525,0.037505869,8.407050133,7.918499136,7.285259628,7.853191676,7.739378034,7.937671384,8.207575931,7.619687963,7.707593881,7.734061924,7.918499136,7.451400819,7.633836731,7.561478441,7.734061924,12.71469134,19.70067979,3
2,4,5,5,8.662911415,52.12632752,1.242718478,8.046874798,102.3507004,8.526786048,8.327734947,6.231749535,7.403487206,6.671937943,0.818394303,0.031872515,8.06272316,8.257995845,7.853191676,8.010255797,8.132239799,7.930946438,8.521548992,8.017446845,8.050508484,8.076869563,8.207575931,7.875639383,7.993774304,7.853191676,7.853191676,12.71032406,20.73755627,1
3,9,3,2,2.894962072,18.44001579,1.057851249,9.453124915,30.83308792,9.849329685,1.770950556,1.602925539,1.689723253,1.432854772,0.306710988,0.017364265,6.176454544,9.728487243,9.07513386,9.462852432,9.292084584,9.788171553,10.13956467,9.330244524,9.44066133,9.423830676,9.768604144,9.037555302,9.24531534,9.11698271,9.423830676,16.0205116,29.47181008,2
4,2,5,3,9.180039406,54.14707947,1.287818856,7.765067235,,,7.562039375,6.322260857,7.641819,8.623407364,0.839181066,0.032258038,7.871063232,8.043424401,7.660404535,7.750958531,7.914627332,7.416903742,8.215646531,7.750958531,7.676069657,7.814883759,8.010255797,7.628814913,7.776947172,7.561478441,7.482255541,11.95560489,21.3694928,1
4,6,3,2,2.819289446,18.17640305,1.025318286,9.753069012,34.56985092,10.27901722,1.542941332,1.481792569,1.542626619,1.456867337,0.285467893,0.016144754,6.469278812,10.03441409,9.61532038,9.650910386,9.849839984,9.828410384,10.48944031,9.690873213,9.650910386,9.930153595,10.13956467,9.38512926,9.502198964,9.222381024,9.479593302,16.81042838,31.80234137,2
4,3,3,7,4.736785889,31.45640564,1.142857162,8.749999857,65.79168701,9.292689014,3.460925579,2.599683046,3.178691387,2.37110734,0.470031083,0.021188023,10.30802441,8.944957884,8.466762907,8.592414204,8.900284158,8.900284158,9.330244524,8.648844116,8.659735713,8.802479258,9.01396534,8.466762907,8.613178181,8.387702394,8.682767572,14.83380748,25.22300986,2
11,9,3,7,3.524725676,23.34945107,1.135794742,8.804407724,45.1091423,9.271763912,2.45428586,1.965505838,2.060958147,1.930006266,0.358142883,0.017678978,7.815547943,9.051136544,8.45184266,8.778709727,8.937138347,8.937138347,9.402049699,8.653274577,8.779205757,8.814761955,9.051136544,8.466762907,8.688884535,8.476461261,8.671042423,15.51445249,24.71829197,2
6,7,5,9,7.949308872,45.69497299,1.202281158,8.317522018,100.9989929,8.811383914,7.02643013,5.963204861,5.541301251,5.606100559,0.680487216,0.030778889,7.637176991,8.659735713,8.050508484,8.521548992,8.257995845,8.466762907,8.779205757,8.1659133,8.181907077,8.41340561,8.567118897,7.937671384,8.115506134,8.065718035,8.181907077,12.81408353,23.40486691,1
3,7,5,9,8.225186348,48.02814865,1.230557894,8.12639539,101.0861893,8.589563956,7.565815926,6.495541573,6.307815552,5.676249981,0.772619367,0.031290297,7.492629528,8.387702394,7.820940866,8.207575931,8.098841747,8.224082364,8.588899874,8.043424401,8.050508484,8.173730066,8.387702394,7.827322747,7.937671384,7.918499136,8.017446845,12.6597933,22.24434098,1
4,7,5,1,7.826877594,46.77220535,1.257985291,7.94921854,99.04151154,8.529576351,7.19854641,6.497933388,5.957508564,5.485282421,0.664484084,0.030621532,7.740252972,8.353255751,7.665316616,8.148443627,7.963786942,8.173730066,8.521548992,7.734061924,7.866071272,7.88571073,8.124671325,7.572458713,7.665316616,7.739378034,7.814883759,12.71011678,21.38478493,1
6,2,3,7,3.435575485,20.78479385,1.057071252,9.460100238,37.45582199,10.02232151,1.922264338,1.800313234,1.690950632,1.626466036,0.347560674,0.018465759,7.057948589,9.650910386,9.292084584,9.402049699,9.53601878,9.496856251,9.930915098,9.391707891,9.44066133,9.475893307,9.670850233,9.184661693,9.314250747,9.207190871,9.352819149,15.79257838,28.49265928,2
3,4,3,7,3.397573948,20.88094902,1.073053889,9.319196456,35.61837769,9.804687444,1.910368204,1.698472261,1.863318682,1.634554148,0.346537858,0.017702581,7.111315727,9.534146614,9.102563482,9.24531534,9.423830676,9.391707891,9.848591873,9.24531534,9.260411275,9.330244524,9.541873595,9.102563482,9.192485663,9.065181672,9.121369942,16.14769587,26.63312472,2
7,8,5,1,4.040956497,24.17676354,1.159495263,8.624442306,49.92106628,9.178292675,2.972019434,2.750493288,2.903160334,2.780642748,0.395577967,0.019370558,5.349460602,9.000287108,8.521548992,8.653274577,8.736364848,8.553914526,9.275999915,8.497040128,8.501967727,8.665047943,8.876796173,8.309749219,8.387702394,8.292190316,8.397220626,13.95865891,23.31217638,1
2,4,5,3,5.446210861,31.89901161,1.207750604,8.2798551,,,4.462309361,3.785771847,4.031058788,3.911877155,0.545727313,0.023422482,5.932064056,8.466762907,8.098841747,8.232882877,8.407124597,8.181907077,8.802479258,8.207575931,8.257995845,8.344016294,8.449269402,8.043424401,8.207575931,8.057938956,8.098841747,12.91847815,22.24434098,1
10,9,3,2,2.926118612,18.60815239,1.077408627,9.281529538,33.71201706,9.740513951,1.787819147,1.6099751,1.693248034,1.435970426,0.314869911,0.017387869,6.248798847,9.518845616,9.000287108,9.292084584,9.314250747,9.591581886,10.11870148,9.037555302,9.178260413,9.216583294,9.53601878,8.838927755,9.037555302,8.900284158,9.283757933,15.57790662,27.69442472,2
10,3,3,6,3.72542572,23.63536072,1.106172869,9.040178328,47.84121323,9.520089578,2.257370234,1.938472033,2.210446596,2.126638651,0.408378899,0.018827679,7.710819721,9.207190871,8.869398954,8.802479258,9.365896602,9.051136544,9.709400899,9.000287108,8.913250767,9.018883517,9.311126036,8.74285314,9.000287108,8.613178181,8.875679967,15.88946549,25.74535648,2
8,9,5,1,4.376078129,26.01508141,1.170476784,8.543526997,53.84729385,9.070870791,3.783411503,3.051169872,3.083490849,2.64827466,0.44169122,0.020401241,5.459122181,8.760793904,8.173730066,8.613178181,8.577805986,8.802479258,9.216691922,8.353255751,8.466762907,8.521548992,8.838927755,8.140162976,8.344016294,8.232882877,8.497040128,13.41612415,23.59248259,1
6,2,5,3,5.326777458,30.67098427,1.191093429,8.395647025,,,3.783065319,3.730697155,4.011137486,3.711845875,0.536718667,0.022391798,5.904141426,8.592414204,8.344016294,8.292190316,8.521548992,8.397220626,8.74285314,8.378567131,8.319091208,8.441650493,8.571370898,8.257995845,8.241004466,8.140162976,8.257995845,12.81408353,23.68742327,1
3,3,5,9,9.11050415,52.65444946,1.248345537,8.010602598,118.0572739,8.525390463,7.818813324,6.660450935,7.02970314,7.230269432,0.802847505,0.034775738,8.011669159,8.257995845,7.776947172,8.050508484,8.065718035,7.891877573,8.344016294,7.937671384,7.905206644,8.082246083,8.207575931,7.891877573,8.00340726,7.859467701,7.853191676,12.71011678,21.29803124,1
7,4,5,9,6.872331142,40.27437973,1.178947478,8.482142072,84.50141907,8.963448907,5.837131023,4.744008541,5.680278301,4.565723896,0.657953799,0.028119568,7.185336113,8.706799804,8.326669104,8.387702394,8.659735713,8.556834729,9.102563482,8.378567131,8.300782994,8.466762907,8.802479258,8.241703341,8.387702394,8.098841747,8.266693826,13.24122013,24.51938565,1
11,6,5,1,5.308485031,31.60087204,1.20187796,8.320312321,60.66164398,9.083426719,5.001411915,3.521979809,4.183505535,3.234489918,0.542289078,0.022698643,6.038421631,8.397220626,7.859467701,8.232882877,8.466762907,8.648844116,9.178260413,8.173730066,8.224082364,8.309749219,8.648844116,7.866071272,8.181907077,7.977359871,8.232882877,13.0776389,22.51506356,1
7,9,5,8,10.50164318,63.7621994,1.251396661,7.991071346,124.7733078,8.415178276,9.902871132,8.510047913,9.274453163,8.688710213,0.93238318,0.037206892,8.826554298,8.257995845,7.859467701,8.083843909,8.017446845,8.091167416,8.531935691,7.820940866,7.898375841,8.083843909,8.292190316,7.676069657,7.745009498,7.665316616,7.776947172,11.98844041,22.89858611,3
12,4,5,8,7.159183502,43.00029373,1.250741497,7.995257234,93.617836,8.458426667,5.844306469,5.384668827,6.478956223,5.644212246,0.658693373,0.026664022,6.892323017,8.266693826,7.891877573,7.766841463,8.091167416,8.043424401,8.387702394,7.930946438,7.937671384,8.076869563,8.257995845,7.809150318,7.963786942,7.660404535,7.809150318,13.0776389,20.76138566,1
10,7,3,4,4.186306477,28.1119957,1.100399229,9.087610872,53.99688339,9.595423414,2.848494768,2.4419806,2.458534479,2.130509615,0.399330914,0.020542862,9.708591461,9.24531534,8.659735713,8.963325399,9.184661693,9.462852432,9.971699285,8.900284158,8.900284158,9.07969401,9.38512926,8.648844116,8.937138347,8.706799804,9.07513386,15.21609744,27.47506534,2
6,9,3,6,4.686015129,32.7142601,1.117729566,8.946707958,67.45858765,9.42243332,3.191342831,3.021303654,2.844372034,2.842137575,0.44313103,0.022651436,11.12930584,9.368720924,8.838927755,9.11698271,9.000287108,9.01396534,9.502198964,8.790627746,8.802479258,9.000287108,9.113239486,8.648844116,8.648844116,8.648844116,8.684805451,14.65253877,27.91731782,2
7,3,3,4,3.738690853,23.56376457,1.058788728,9.444754874,43.96154022,9.966517195,2.247299433,1.947378397,2.036756754,1.943853617,0.383131087,0.019551517,7.980134964,9.749605368,9.423830676,9.260411275,9.788171553,9.423830676,10.13956467,9.314250747,9.222381024,9.575506084,9.731167467,9.11698271,9.24531534,9.000287108,9.178260413,15.82474107,62.14964253,2
5,3,3,6,4.764685154,32.83643341,1.122807034,8.90624987,74.44512177,9.373605191,3.267755032,2.753199816,2.982027292,2.832003832,0.446585,0.023186447,11.21045494,9.260411275,8.814761955,8.876796173,9.000287108,8.814761955,9.462852432,8.74285314,8.779205757,8.950006858,9.222381024,8.659735713,8.838927755,8.556834729,8.62417231,15.05162169,26.16144298,2
12,8,5,9,8.140142441,49.05009079,1.257102765,7.954799146,109.3414459,8.436105113,9.152407646,6.424416542,5.801285267,5.47420454,0.746836484,0.032084946,7.698946953,8.140162976,7.490478552,8.043424401,7.937671384,8.132239799,8.397220626,7.827322747,7.930946438,7.963786942,8.124671325,7.660404535,7.88571073,7.809150318,7.963786942,12.71469134,21.54010934,1
10,5,3,2,2.57980895,16.11898232,0.983534532,10.16741118,27.06991959,10.69475498,1.319023252,1.206230283,1.361226201,1.239212155,0.273438007,0.015940191,5.836541176,10.39819631,10.09608695,9.950628822,10.60961034,10.38152416,11.17142321,9.971699285,9.88920425,10.09608695,10.63647909,9.611276767,10.03441409,9.541873595,9.849839984,16.97310512,42.69202293,2
11,2,3,7,3.121932983,18.90678787,1.088699965,9.18526713,34.98963165,9.726562437,1.63109231,1.388857961,2.098251581,1.548259974,0.334256202,0.016939404,6.17449522,9.292084584,9.140255656,8.876796173,9.650910386,9.113025556,9.88920425,9.283757933,8.900284158,9.178260413,9.496856251,8.977098958,9.391707891,8.466762907,8.838927755,16.34746013,26.16144298,2
6,10,3,6,4.610837936,31.7410717,1.143768951,8.743024534,62.81406021,9.179687392,3.126795292,2.83747983,2.802892923,3.010036945,0.438717187,0.021825315,10.52925968,9.000287108,8.521548992,9.037555302,8.684805451,8.900284158,9.260411275,8.531935691,8.606500344,8.802479258,8.913250767,8.441650493,8.531935691,8.531935691,8.567118897,14.99006078,25.84813166,2
12,4,3,4,2.95890379,18.25178528,1.082452443,9.238281147,32.41334152,9.716796812,1.595215082,1.662689447,1.632886171,1.594805956,0.307206661,0.016624691,5.979389191,9.593121519,9.11698271,9.000287108,9.330244524,9.207190871,9.53601878,9.222381024,9.192485663,9.352819149,9.423830676,9.154577896,9.154577896,8.851111247,9.1318758,16.56493515,25.59271451,2
5,7,5,1,7.268845081,44.28223038,1.252489946,7.984096023,101.905983,8.489118263,6.854628563,5.90539217,5.694660664,5.142340183,0.638835013,0.029040102,7.622660637,8.309749219,7.734061924,8.010255797,7.853191676,8.173730066,8.684805451,7.809150318,7.930946438,8.001017449,8.292190316,7.660404535,7.707593881,7.739378034,7.820940866,13.36213614,20.90719073,1
6,2,3,2,2.85129571,17.18873978,1.00631763,9.937220317,26.63809013,10.41713157,1.435089231,1.404215932,1.418724179,1.382846952,0.322092563,0.017946484,5.951442719,10.18155041,9.88920425,9.809054689,10.11751544,9.88920425,10.42792152,9.869232258,9.849839984,10.0333788,10.09792365,9.771798688,9.728487243,9.650910386,9.709400899,16.41723353,31.64948214,2
8,6,5,5,5.831466198,34.10200501,1.162315571,8.60351547,70.71180725,9.129464546,5.015951634,3.956283093,4.680719852,3.465772152,0.559362233,0.025350098,6.524109364,8.74285314,8.378567131,8.62417231,8.62417231,8.802479258,9.292084584,8.431847945,8.466762907,8.648844116,8.876796173,8.173730066,8.431847945,8.335154817,8.521548992,13.02415191,25.39198812,1
6,4,5,9,7.140135765,41.65189743,1.184793395,8.440290134,90.13121033,8.941126485,5.792410374,5.530286312,5.25056982,5.18498373,0.642595828,0.027765516,7.247389793,8.802479258,8.309749219,8.441650493,8.504015028,8.431847945,8.94053241,8.397220626,8.319091208,8.466762907,8.671042423,8.207575931,8.292190316,8.148443627,8.181907077,13.08490587,24.42765282,1
8,8,5,1,3.87304163,23.16818428,1.146146404,8.724888867,47.33090591,9.30245464,2.949486017,2.643302202,2.695072413,2.472507715,0.390597642,0.021494867,5.261537552,9.07513386,8.431847945,8.796698708,8.851111247,8.900284158,9.423830676,8.511560225,8.613178181,8.74285314,9.037555302,8.317933435,8.422434462,8.387702394,8.577805986,14.07191334,23.55957503,1
10,9,5,1,11.52065086,68.59324646,1.316437075,7.596261294,154.1221466,8.076171676,11.35876274,10.23086453,9.256011009,8.116562843,1.042485356,0.041793827,9.408780098,7.809150318,7.312204303,7.633836731,7.556845134,7.707593881,8.057938956,7.459842749,7.561478441,7.628814913,7.814883759,7.352404893,7.447615474,7.416903742,7.556845134,11.85780886,20.12418622,3
7,10,5,5,8.336900711,51.4400177,1.26352907,7.914341058,106.4427185,8.378906076,7.809938431,7.372362137,7.142370224,6.518358231,0.778355002,0.033162836,7.654619694,8.140162976,7.588136029,8.091167416,7.782789794,8.173730066,8.336138563,7.809150318,7.937671384,7.930946438,8.057938956,7.628814913,7.665316616,7.734061924,7.841620601,12.36307986,21.16056612,1
2,4,3,7,3.114993572,19.04440689,1.067460905,9.368024585,34.3242836,9.912109328,1.808904886,1.525160074,1.628291369,1.555844545,0.329787284,0.018056633,6.424385071,9.553723999,9.178260413,9.322520867,9.53601878,9.207190871,9.991830893,9.264496455,9.330244524,9.423830676,9.553723999,9.11698271,9.275999915,9.140255656,9.178260413,16.65762235,26.10869643,2
13,6,5,3,6.731182575,46.07187653,1.236501593,8.087332887,,,9.694122315,3.951530933,8.75272274,3.489470005,0.810605168,0.025877241,7.349734306,7.905206644,7.379288604,7.702169143,8.344016294,8.501967727,8.963325399,8.043424401,8.098841747,8.057938956,8.521548992,7.619687963,8.132239799,7.665316616,8.241703341,13.0776389,22.06870096,1
3,3,3,2,2.627558708,16.05417061,1.00518863,9.948381528,24.98943901,10.45340464,1.396442533,1.250856519,1.341714025,1.274491429,0.295153171,0.017584564,5.598972321,10.24640008,9.768604144,9.930153595,10.05506113,9.88920425,10.53981035,9.849839984,9.808310921,10.01282044,10.22738357,9.7084299,9.788171553,9.690873213,9.7084299,16.55152627,30.77207123,2
11,4,3,7,3.166991949,19.58828926,1.073214507,9.317801739,36.04291916,9.832588736,1.760470629,1.65796876,1.605506182,1.640030146,0.329283744,0.018300535,6.685698509,9.575506084,9.140255656,9.24531534,9.53601878,9.314250747,9.88920425,9.207190871,9.102563482,9.314250747,9.53601878,9.07513386,9.314250747,8.963325399,9.140255656,16.28032595,27.47506534,2
12,4,3,2,2.683616877,16.48857498,1.025171683,9.75446373,27.04417419,10.2413503,1.386277318,1.377717137,1.436883092,1.35918057,0.292580396,0.016569616,5.639641285,10.16224127,9.575506084,9.462852432,9.930153595,9.848591873,10.37861227,9.629978479,9.669526747,9.809054689,10.01282044,9.402049699,9.690873213,9.292084584,9.591581886,16.55152627,34.66250843,2
9,8,5,9,11.20278359,65.58701325,1.256001415,7.961774469,142.3825836,8.438895416,11.76707077,8.985263825,8.580543518,7.260859489,0.989503503,0.043642763,9.416852951,8.124671325,7.499877626,8.098841747,7.963786942,8.257995845,8.706799804,7.739378034,7.88571073,7.9610125,8.257995845,7.561478441,7.686321126,7.766220179,7.898375841,12.08690816,22.42409335,1
10,6,5,9,7.579348564,44.1521225,1.211629434,8.253348525,96.44191742,8.743024534,6.755084992,5.656926632,5.847390652,5.160373211,0.708465159,0.029606585,7.333920002,8.497040128,7.963786942,8.215646531,8.397220626,8.387702394,8.900284158,8.057938956,8.107885009,8.300782994,8.567118897,7.869417672,8.091167416,7.963786942,8.173730066,12.55931926,23.8796124,1
8,10,5,9,9.718929291,57.66043091,1.269796355,7.875278554,126.3362198,8.334263835,9.720778465,7.163865089,8.445720673,6.806949616,0.917961478,0.034909491,8.380095482,7.984655667,7.455476577,7.898375841,7.937671384,8.173730066,8.431847945,7.734061924,7.795439387,7.853191676,8.124671325,7.552511661,7.77142489,7.5926596,7.88571073,12.12349577,21.50017645,1
3,2,3,7,3.520524263,20.47569084,1.088204051,9.189453018,37.09489441,9.767020526,1.54589963,1.619636774,1.775450945,2.131957293,0.392643273,0.016923668,6.66511631,9.629978479,9.44066133,9.051136544,9.502198964,9.000287108,9.391707891,9.314250747,8.913250767,9.352819149,9.207190871,9.314250747,9.140255656,8.754378214,8.567118897,16.28032595,24.04068079,2
